nmId,shape,nomLayer,dissNomType,dissNomConc,saltType,prepMethod,concPump,pH,zetaPotentialPump,zetaCollector,temp,logDebyeLength,depAttEff
C60,sphere,none,none,0,NaCl,liqLiqEx,6,6.7,-27.2,-23.3,15,-8.937523769,0.47
C60,sphere,none,none,0,NaCl,liqLiqEx,6,6.7,-29.8,-23.3,25,-8.940009272,0.46
C60,sphere,none,none,0,NaCl,liqLiqEx,6,6.7,-31.2,-23.3,35,-8.942688601,0.47
C60,sphere,none,none,0,NaCl,liqLiqEx,6,6.7,-31.6,-23.3,45,-8.945608207,0.51
C60,sphere,HHA,none,0,NaCl,liqLiqEx,6,6.7,-27.2,-18.6,15,-8.937523769,0.27
C60,sphere,HHA,none,0,NaCl,liqLiqEx,6,6.7,-29.8,-18.6,25,-8.940009272,0.31
C60,sphere,HHA,none,0,NaCl,liqLiqEx,6,6.7,-31.2,-18.6,35,-8.942688601,0.42
C60,sphere,HHA,none,0,NaCl,liqLiqEx,6,6.7,-31.6,-18.6,45,-8.945608207,0.97
C60,sphere,HFA,none,0,NaCl,liqLiqEx,6,6.7,-27.2,-12,15,-8.937523769,0.14
C60,sphere,HFA,none,0,NaCl,liqLiqEx,6,6.7,-29.8,-12,25,-8.940009272,0.21
C60,sphere,HFA,none,0,NaCl,liqLiqEx,6,6.7,-31.2,-12,35,-8.942688601,0.24
C60,sphere,HFA,none,0,NaCl,liqLiqEx,6,6.7,-31.6,-12,45,-8.945608207,0.59
C60,sphere,none,none,0,NaCl,liqLiqEx,6.05,5.6,-44.1,-44.66231667,25,-8.440009272,0.023624342
C60,sphere,none,none,0,NaCl,liqLiqEx,6.05,5.6,-43.1,-36.30125,25,-8.619520244,0.038289978
C60,sphere,none,none,0,NaCl,liqLiqEx,6.05,5.6,-34.7,-30.93851667,25,-8.75602088,0.792249024
C60,sphere,none,none,0,NaCl,liqLiqEx,6.05,5.6,-36.9,-29.90623333,25,-8.887641597,1.022690415
C60,sphere,none,none,0,NaCl,liqLiqEx,6.05,5.6,-30.5,-17.10763333,25,-9.017460252,1.178231124
C60,sphere,none,none,0,CaCl2,liqLiqEx,6.05,5.6,-16.7,-38.03171667,25,-7.994594129,0.03845016
C60,sphere,none,none,0,CaCl2,liqLiqEx,6.05,5.6,-19.9,-39.05543333,25,-8.126214847,0.582112474
C60,sphere,none,none,0,CaCl2,liqLiqEx,6.05,5.6,-19.5,-35.41245833,25,-8.244895304,1.011886241
C60,sphere,none,none,0,CaCl2,liqLiqEx,6.05,5.6,-17.3,-30.93423333,25,-8.295624125,1.017168597
C60,sphere,HHA,none,0,NaCl,liqLiqEx,6.05,5.6,-44.1,-28.08581667,25,-8.440009272,0.131744487
C60,sphere,HHA,none,0,NaCl,liqLiqEx,6.05,5.6,-43.1,-21.9735,25,-8.619520244,0.184272734
C60,sphere,HHA,none,0,NaCl,liqLiqEx,6.05,5.6,-34.7,-22.99721667,25,-8.75602088,0.629974418
C60,sphere,HHA,none,0,NaCl,liqLiqEx,6.05,5.6,-36.9,-20.1327375,25,-8.887641597,0.697661878
C60,sphere,HHA,none,0,NaCl,liqLiqEx,6.05,5.6,-30.5,-17.95145,25,-9.017460252,1.007099114
C60,sphere,HHA,none,0,CaCl2,liqLiqEx,6.05,5.6,-16.7,-17.33893333,25,-7.994594129,0.600919276
C60,sphere,HHA,none,0,CaCl2,liqLiqEx,6.05,5.6,-19.9,-16.4223,25,-8.126214847,0.892622069
C60,sphere,HHA,none,0,CaCl2,liqLiqEx,6.05,5.6,-19.5,-13.62314167,25,-8.244895304,0.886986043
C60,sphere,HHA,none,0,CaCl2,liqLiqEx,6.05,5.6,-17.3,-12.10641333,25,-8.295624125,0.878776868
C60,sphere,none,none,0,NaCl,directSonic,5,6,-35.8515,-49.75369458,25,-8.365638447,0.04
C60,sphere,none,none,0,NaCl,directSonic,5,6,-32.382,-46.79802956,25,-8.516371793,0.39
C60,sphere,none,none,0,NaCl,directSonic,5,6,-29.9405,-41.37931034,25,-8.667322829,1.05
C60,sphere,none,none,0,NaCl,directSonic,5,6,-24.158,-38.71921182,25,-8.817238048,1.16
C60,sphere,none,none,0,NaCl,directSonic,5,6,-20.046,-32.46260265,25,-8.967151605,0.99
C60,sphere,none,none,0,NaCl,directSonic,5,6,-17.99,-29.16256158,25,-9.016393615,0.66
C60_20hUV,sphere,none,none,0,NaCl,directSonic,5,6,-40.4775,-41.37931034,25,-8.665243802,0.01
C60_20hUV,sphere,none,none,0,NaCl,directSonic,5,6,-37.6505,-40.06475911,25,-8.756237918,0.17
C60_20hUV,sphere,none,none,0,NaCl,directSonic,5,6,-35.209,-38.71921182,25,-8.817238048,0.22
C60_20hUV,sphere,none,none,0,NaCl,directSonic,5,6,-32.639,-37.19723604,25,-8.865419879,0.32
C60_7DUV,sphere,none,none,0,NaCl,directSonic,5,6,-46.6455,-38.71921182,25,-8.816198147,0.02
C60_7DUV,sphere,none,none,0,NaCl,directSonic,5,6,-29.9405,-29.16256158,25,-9.016393615,0.07
C60_7DUV,sphere,none,none,0,NaCl,directSonic,5,6,-27.6275,-20.09852217,25,-9.10418451,0.4
C60_7DUV,sphere,none,none,0,NaCl,directSonic,5,6,-23.13,-14.48275862,25,-9.167355497,0.57
C60_7DUV,sphere,none,none,0,NaCl,directSonic,5,6,-18.8895,-14.87684729,25,-9.214458319,0.76
C60_7DUV,sphere,none,none,0,NaCl,directSonic,5,6,-16.962,-11.72413793,25,-9.255150549,0.49
C60_7DUV,sphere,none,none,0,NaCl,directSonic,5,6,-16.191,-8.275862069,25,-9.286199792,0.53
C60,sphere,none,none,0,NaCl,directSonic,5,6,-35.8515,-49.75369458,25,-8.366074924,0.041
C60,sphere,none,none,0,NaCl,directSonic,5,6,-32.382,-46.79802956,25,-8.516589921,0.398
C60,sphere,none,none,0,NaCl,directSonic,5,6,-29.9405,-41.37931034,25,-8.667322829,1.08
C60,sphere,none,none,0,NaCl,directSonic,5,6,-24.158,-38.71921182,25,-8.818001116,1.19
C60,sphere,none,none,0,NaCl,directSonic,5,6,-19.9175,-32.33813301,25,-8.968706463,0.99
C60,sphere,none,none,0,NaCl,directSonic,5,6,-17.99,-29.16256158,25,-9.016568118,0.62
C60,sphere,none,SRHA,1,NaCl,directSonic,5,6,-35.8515,-49.75369458,25,-8.366945254,0.063
C60,sphere,none,SRHA,1,NaCl,directSonic,5,6,-32.382,-46.79802956,25,-8.516589921,0.398
C60,sphere,none,SRHA,1,NaCl,directSonic,5,6,-29.9405,-41.37931034,25,-8.667322829,0.193
C60,sphere,none,SRHA,1,NaCl,directSonic,5,6,-24.158,-38.71921182,25,-8.818001116,0.139
C60,sphere,none,SRHA,1,NaCl,directSonic,5,6,-17.99,-29.16256158,25,-9.016568118,0.594
C60,sphere,none,SRHA,5,NaCl,directSonic,5,6,-35.8515,-49.75369458,25,-8.366945254,0.015
C60,sphere,none,SRHA,5,NaCl,directSonic,5,6,-32.382,-46.79802956,25,-8.518327109,0.098
C60,sphere,none,SRHA,5,NaCl,directSonic,5,6,-29.6835,-41.37931034,25,-8.668192289,0.074
C60,sphere,none,SRHA,5,NaCl,directSonic,5,6,-24.158,-38.71921182,25,-8.817128819,0.088
C60,sphere,none,SRHA,5,NaCl,directSonic,5,6,-17.99,-29.16256158,25,-9.015694197,0.268
C60,sphere,none,EHA,1,NaCl,directSonic,5,6,-32.382,-46.79802956,25,-8.517460252,0.034
C60,sphere,none,EHA,1,NaCl,directSonic,5,6,-29.9405,-41.37931034,25,-8.667322829,0.133
C60,sphere,none,EHA,1,NaCl,directSonic,5,6,-24.158,-38.71921182,25,-8.817128819,0.102
C60,sphere,none,EHA,1,NaCl,directSonic,5,6,-17.99,-29.16256158,25,-9.016568118,0.151
C60,sphere,none,none,0,NaCl,directSonic,5,6,-35.8515,-49.75369458,25,-8.366213218,0.040305276
C60,sphere,none,none,0,NaCl,directSonic,5,6,-32.382,-46.79802956,25,-8.516758078,0.389173885
C60,sphere,none,none,0,NaCl,directSonic,5,6,-29.9405,-41.37931034,25,-8.669604238,1.054813779
C60,sphere,none,none,0,NaCl,directSonic,5,6,-24.158,-38.71921182,25,-8.820133712,1.144064127
C60,sphere,SRHA,none,0,NaCl,directSonic,5,6,-35.8515,-14.18719212,25,-8.36668909,0.110606401
C60,sphere,SRHA,none,0,NaCl,directSonic,5,6,-32.382,-12.61083744,25,-8.517095092,0.304949986
C60,sphere,SRHA,none,0,NaCl,directSonic,5,6,-29.9405,-12.80788177,25,-8.668676137,1.171527806
C60,sphere,SRHA,none,0,NaCl,directSonic,5,6,-24.158,-5.123152709,25,-8.819809083,1.329611946
C60,sphere,EHA,none,0,NaCl,directSonic,5,6,-35.8515,-14.18719212,25,-8.366200082,0.044510809
C60,sphere,EHA,none,0,NaCl,directSonic,5,6,-32.382,-12.61083744,25,-8.51716302,0.182524623
C60,sphere,EHA,none,0,NaCl,directSonic,5,6,-29.9405,-12.80788177,25,-8.668726052,0.803450163
C60,sphere,EHA,none,0,NaCl,directSonic,5,6,-24.158,-5.123152709,25,-8.819778684,1.672934512
C60_7DUV,sphere,none,none,0,NaCl,directSonic,5,6,-46.6455,-38.71921182,25,-8.818247345,0.015853305
C60_7DUV,sphere,none,none,0,NaCl,directSonic,5,6,-29.9405,-29.16256158,25,-9.01815618,0.068808332
C60_7DUV,sphere,none,none,0,NaCl,directSonic,5,6,-27.6275,-20.09852217,25,-9.106723422,0.345086887
C60_7DUV,sphere,none,none,0,NaCl,directSonic,5,6,-23.0015,-14.48275862,25,-9.169678411,0.563162045
C60_7DUV,sphere,SRHA,none,0,NaCl,directSonic,5,6,-46.6455,-5.123152709,25,-8.818045571,0.348659853
C60_7DUV,sphere,SRHA,none,0,NaCl,directSonic,5,6,-29.9405,-6.995073892,25,-9.01870489,0.422916936
C60_7DUV,sphere,SRHA,none,0,NaCl,directSonic,5,6,-27.6275,-1.97044335,25,-9.106466487,0.50165233
C60_7DUV,sphere,SRHA,none,0,NaCl,directSonic,5,6,-23.0015,0.985221675,25,-9.169965831,0.486997182
C60_7DUV,sphere,EHA,none,0,NaCl,directSonic,5,6,-46.6455,-5.123152709,25,-8.818574925,0.185321388
C60_7DUV,sphere,EHA,none,0,NaCl,directSonic,5,6,-29.9405,-6.995073892,25,-9.018632309,0.245282135
C60_7DUV,sphere,EHA,none,0,NaCl,directSonic,5,6,-27.6275,-1.97044335,25,-9.106158745,0.498040658
C60_7DUV,sphere,EHA,none,0,NaCl,directSonic,5,6,-23.0015,0.985221675,25,-9.170045185,0.883481098
ZnO,sphere,none,none,0,NaCl,directSonic,10,7.8,-35.23,-72.32,25,-8.017460252,0.185135135
ZnO,sphere,none,none,0,NaCl,directSonic,10,7.8,-22.37,-67.96,25,-8.366945254,0.27027027
ZnO,sphere,none,none,0,NaCl,directSonic,10,7.8,-16.21,-61.45,25,-8.517460252,0.635135135
ZnO,sphere,none,none,0,NaCl,directSonic,10,7.8,-11.16,-55.07,25,-8.866945254,0.758108108
ZnO,sphere,none,none,0,NaCl,directSonic,10,7.8,-9.98,-43.32,25,-9.017460252,0.948648649
ZnO,sphere,none,none,0,NaCl,directSonic,10,7.8,-8.38,-38.46,25,-9.105505882,1.004054054
ZnO,sphere,none,none,0,CaCl2,directSonic,10,7.8,-25.04,-54.74,25,-7.366957877,0.086720867
ZnO,sphere,none,none,0,CaCl2,directSonic,10,7.8,-21.24,-53.21,25,-7.469017868,0.27100271
ZnO,sphere,none,none,0,CaCl2,directSonic,10,7.8,-17.89,-50.23,25,-7.517472874,0.577235772
ZnO,sphere,none,none,0,CaCl2,directSonic,10,7.8,-10.99,-40.7,25,-7.866957877,0.665311653
ZnO,sphere,none,none,0,CaCl2,directSonic,10,7.8,-7.76,-33.91,25,-8.017472874,0.944444444
ZnO,sphere,none,none,0,CaCl2,directSonic,10,7.8,-3.31,-23.4,25,-8.366957877,1.017615176
ZnO,sphere,SRHA,none,0,NaCl,directSonic,10,7.8,-35.23,-62.33,25,-8.017460252,0.050141873
ZnO,sphere,SRHA,none,0,NaCl,directSonic,10,7.8,-22.37,-58.8,25,-8.366945254,0.112513249
ZnO,sphere,SRHA,none,0,NaCl,directSonic,10,7.8,-16.21,-55.12,25,-8.517460252,0.266655982
ZnO,sphere,SRHA,none,0,NaCl,directSonic,10,7.8,-11.16,-49.07,25,-8.866945254,0.582738097
ZnO,sphere,SRHA,none,0,NaCl,directSonic,10,7.8,-9.98,-44.41,25,-9.017460252,0.794906772
ZnO,sphere,SRHA,none,0,NaCl,directSonic,10,7.8,-8.38,-38.44,25,-9.105505882,0.803304424
ZnO,sphere,SRHA,none,0,CaCl2,directSonic,10,7.8,-25.04,-38.75,25,-7.366957877,0.023097826
ZnO,sphere,SRHA,none,0,CaCl2,directSonic,10,7.8,-21.24,-37.4,25,-7.469017868,0.116847826
ZnO,sphere,SRHA,none,0,CaCl2,directSonic,10,7.8,-17.89,-36.23,25,-7.517472874,0.255434783
ZnO,sphere,SRHA,none,0,CaCl2,directSonic,10,7.8,-10.99,-30.37,25,-7.866957877,0.429347826
ZnO,sphere,SRHA,none,0,CaCl2,directSonic,10,7.8,-7.76,-24.87,25,-8.017472874,0.581521739
ZnO,sphere,SRHA,none,0,CaCl2,directSonic,10,7.8,-3.31,-16.58,25,-8.366957877,0.702445652
PS,ellipsoid,HHA,none,0,NaCl,stock,6,7,-20.49146667,-45.05,20,-8.618257324,0.402227103
PS,ellipsoid,HHA,none,0,NaCl,stock,6,7,-19.28785,-38.86666667,20,-8.75475796,0.603409913
PS,ellipsoid,HHA,none,0,NaCl,stock,6,7,-19.42063333,-26.98333333,20,-8.886378678,0.626741528
PS,ellipsoid,HHA,none,0,NaCl,stock,6,7,-16.77781667,-20.63333333,20,-9.016197333,0.83869015
PS,ellipsoid,HHA,none,0,NaCl,stock,6,7,-16.30879167,-19.81666667,20,-9.166712331,0.915302964
PS,ellipsoid,Alg,none,0,NaCl,stock,6,7,-20.49146667,-38.76666667,20,-8.618257324,0.481961781
PS,ellipsoid,Alg,none,0,NaCl,stock,6,7,-19.28785,-33.45,20,-8.75475796,0.658214295
PS,ellipsoid,Alg,none,0,NaCl,stock,6,7,-19.42063333,-29.63333333,20,-8.886378678,0.777483011
PS,ellipsoid,Alg,none,0,NaCl,stock,6,7,-16.77781667,-25.98333333,20,-9.016197333,1.013129441
PS,ellipsoid,Alg,none,0,NaCl,stock,6,7,-16.30879167,-16.86666667,20,-9.166712331,0.924808802
PS,sphere,HHA,none,0,NaCl,stock,6,7,-48.450925,-45.05,20,-8.618257324,0.810878295
PS,sphere,HHA,none,0,NaCl,stock,6,7,-46.0511875,-38.86666667,20,-8.75475796,0.766971648
PS,sphere,HHA,none,0,NaCl,stock,6,7,-41.3352375,-26.98333333,20,-8.886378678,0.860935664
PS,sphere,HHA,none,0,NaCl,stock,6,7,-35.8611375,-20.63333333,20,-9.016197333,0.815246688
PS,sphere,HHA,none,0,NaCl,stock,6,7,-27.184175,-19.81666667,20,-9.166712331,0.723258867
PS,sphere,Alg,none,0,NaCl,stock,6,7,-48.450925,-38.76666667,20,-8.618257324,0.444571978
PS,sphere,Alg,none,0,NaCl,stock,6,7,-46.0511875,-33.45,20,-8.75475796,0.829098113
PS,sphere,Alg,none,0,NaCl,stock,6,7,-41.3352375,-29.63333333,20,-8.886378678,0.752973411
PS,sphere,Alg,none,0,NaCl,stock,6,7,-35.8611375,-25.98333333,20,-9.016197333,1.081248993
PS,sphere,Alg,none,0,NaCl,stock,6,7,-27.184175,-16.86666667,20,-9.166712331,1.100864417
C60,sphere,none,none,0,NaCl,liqLiqEx,2.96,5.2,-34.55858216,-44.66231667,25,-7.517460252,0.012991858
C60,sphere,none,none,0,NaCl,liqLiqEx,2.96,5.2,-29.90585136,-44.66231667,25,-8.25602088,0.01837422
C60,sphere,none,none,0,NaCl,liqLiqEx,2.96,5.2,-25.13332369,-41.87529444,25,-8.517460252,0.341213428
C60,sphere,none,none,0,NaCl,liqLiqEx,2.96,5.2,-23.63238437,-30.93851667,25,-8.75602088,0.717144643
C60,sphere,none,none,0,CaCl2,liqLiqEx,2.96,5.2,-16.7,-38.03171667,25,-7.756033502,0.004533385
C60,sphere,none,none,0,CaCl2,liqLiqEx,2.96,5.2,-16.7,-38.03171667,25,-7.9065485,0.017946522
C60,sphere,none,none,0,CaCl2,liqLiqEx,2.96,5.2,-16.7,-38.03171667,25,-7.994594129,0.445516152
C60,sphere,none,none,0,CaCl2,liqLiqEx,2.96,5.2,-19.9,-38.60006146,25,-8.145109127,0.917152871
C60,sphere,none,none,0,NaCl,liqLiqEx,5.8,5.5,-43.77995,-41.87529444,25,-8.517460252,0.011959698
C60,sphere,none,none,0,NaCl,liqLiqEx,5.8,5.5,-40.74000714,-34.76904048,25,-8.66797525,0.041359979
C60,sphere,none,none,0,NaCl,liqLiqEx,5.8,5.5,-34.7303375,-30.93851667,25,-8.75602088,1.611587484
C60,sphere,none,none,0,NaCl,liqLiqEx,5.8,5.5,-35.38443819,-28.48416667,25,-8.906535877,1.710647873
C60,sphere,none,none,0,NaCl,liqLiqEx,5.8,5.5,-30.46574375,-17.10763333,25,-9.017460252,1.140236184
C60,sphere,none,none,0,CaCl2,liqLiqEx,5.8,5.5,-16.6825125,-38.03171667,25,-7.994594129,0.002342142
C60,sphere,none,none,0,CaCl2,liqLiqEx,5.8,5.5,-19.88812857,-39.05543333,25,-8.145109127,0.278967513
C60,sphere,none,none,0,CaCl2,liqLiqEx,5.8,5.5,-19.5159375,-35.41245833,25,-8.256033502,0.885877599
C60,sphere,none,none,0,CaCl2,liqLiqEx,5.8,5.5,-17.289675,-30.93423333,25,-8.494594129,1.637663915
C60,sphere,none,none,0,NaCl,liqLiqEx,5.8,5.5,-34.7303375,-30.93851667,25,-8.75602088,1.591761885
C60,sphere,none,SRHA,1,NaCl,liqLiqEx,5.8,5.5,-34.7303375,-30.93851667,25,-8.75602088,0.002897954
C60,sphere,none,Alg,1,NaCl,liqLiqEx,5.8,5.5,-34.7303375,-30.93851667,25,-8.75602088,0.036170564
C60,sphere,none,none,0,CaCl2,liqLiqEx,5.8,5.5,-19.5159375,-35.41245833,25,-8.256033502,0.882529407
C60,sphere,none,SRHA,1,CaCl2,liqLiqEx,5.8,5.5,-19.5159375,-35.41245833,25,-8.256033502,0.037889404
C60,sphere,none,Alg,1,CaCl2,liqLiqEx,5.8,5.5,-19.5159375,-35.41245833,25,-8.256033502,0.046168414
C60,sphere,none,none,0,NaCl,liqLiqEx,5.8,5.5,-43.77995,-41.87529444,25,-8.517460252,0.011867386
C60,sphere,SRHA,none,0,NaCl,liqLiqEx,5.8,5.5,-43.77995,-26.04837778,25,-8.517460252,0.002852563
C60,sphere,none,none,0,NaCl,liqLiqEx,5.8,5.5,-34.7303375,-30.93851667,25,-8.75602088,1.602713305
C60,sphere,SRHA,none,0,NaCl,liqLiqEx,5.8,5.5,-34.7303375,-22.99721667,25,-8.75602088,0.108368077
C60,sphere,SRHA,SRHA,1,NaCl,liqLiqEx,5.8,5.5,-34.7303375,-22.99721667,25,-8.75602088,0.038390035
C60,sphere,none,none,0,CaCl2,liqLiqEx,5.8,5.5,-16.6825125,-38.03171667,25,-7.994594129,0.002326608
C60,sphere,SRHA,none,0,CaCl2,liqLiqEx,5.8,5.5,-16.6825125,-17.33893333,25,-7.994594129,0.241936386
C60,sphere,none,none,0,CaCl2,liqLiqEx,5.8,5.5,-19.5159375,-35.41245833,25,-8.256033502,0.878967537
C60,sphere,SRHA,none,0,CaCl2,liqLiqEx,5.8,5.5,-19.5159375,-13.319796,25,-8.256033502,0.386755352
C60,sphere,SRHA,SRHA,1,CaCl2,liqLiqEx,5.8,5.5,-19.5159375,-13.319796,25,-8.256033502,0.013512324
C60,sphere,none,none,0,NaCl,liqLiqEx,5.8,5.5,-43.77995,-41.87529444,25,-8.517460252,0.012108944
C60,sphere,Alg,none,0,NaCl,liqLiqEx,5.8,5.5,-43.77995,-38.76666667,25,-8.517460252,0.029329351
C60,sphere,none,none,0,NaCl,liqLiqEx,5.8,5.5,-34.7303375,-30.93851667,25,-8.75602088,1.646725662
C60,sphere,Alg,none,0,NaCl,liqLiqEx,5.8,5.5,-34.7303375,-33.45,25,-8.75602088,0.428699117
C60,sphere,none,none,0,CaCl2,liqLiqEx,5.8,5.5,-16.6825125,-38.03171667,25,-7.994594129,0.002391081
C60,sphere,Alg,none,0,CaCl2,liqLiqEx,5.8,5.5,-16.6825125,-25.98333333,25,-7.994594129,0.138730683
C60,sphere,none,none,0,CaCl2,liqLiqEx,5.8,5.5,-19.5159375,-35.41245833,25,-8.256033502,0.88569531
C60,sphere,Alg,none,0,CaCl2,liqLiqEx,5.8,5.5,-19.5159375,-21,25,-8.256033502,0.694789162
MS2RNA,ellipsoid,none,none,0,NaCl,stock,10,6,-18.70503597,-44.66231667,25,-8.366945254,0.06460573
MS2RNA,ellipsoid,none,none,0,NaCl,stock,10,6,-13.56203926,-41.87529444,25,-8.517460252,0.087976199
MS2RNA,ellipsoid,none,none,0,NaCl,stock,10,6,-10.61994849,-32.85377857,25,-8.716430257,0.231081963
MS2RNA,ellipsoid,none,none,0,NaCl,stock,10,6,-8.288480327,-30.11269,25,-8.866945254,0.535745622
MS2RNA,ellipsoid,none,none,0,NaCl,stock,10,6,-6.623145928,-17.10763333,25,-9.017460252,0.805098074
MS2RNA,ellipsoid,none,none,0,NaCl,stock,10,8,-29.4382272,-44.66231667,25,-8.366945254,0.027143522
MS2RNA,ellipsoid,none,none,0,NaCl,stock,10,8,-23.83160139,-41.87529444,25,-8.517460252,0.036003778
MS2RNA,ellipsoid,none,none,0,NaCl,stock,10,8,-18.6135536,-32.85377857,25,-8.716430257,0.057400521
MS2RNA,ellipsoid,none,none,0,NaCl,stock,10,8,-15.78248512,-30.11269,25,-8.866945254,0.093949801
MS2RNA,ellipsoid,none,none,0,NaCl,stock,10,8,-11.67466027,-17.10763333,25,-9.017460252,0.213564589
MS2RNA,ellipsoid,none,none,0,CaCl2,stock,10,6,-9.869606896,-38.03171667,25,-7.866957877,0.046743881
MS2RNA,ellipsoid,none,none,0,CaCl2,stock,10,6,-8.008325534,-38.03171667,25,-8.017472874,0.128852172
MS2RNA,ellipsoid,none,none,0,CaCl2,stock,10,6,-6.862715498,-36.47499271,25,-8.216442879,0.277603589
MS2RNA,ellipsoid,none,none,0,CaCl2,stock,10,6,-5.517345491,-30.93423333,25,-8.366957877,0.632737015
MS2RNA,ellipsoid,none,none,0,CaCl2,stock,10,8,-11.22882763,-38.03171667,25,-7.866957877,0.018323015
MS2RNA,ellipsoid,none,none,0,CaCl2,stock,10,8,-10.61584795,-38.03171667,25,-8.017472874,0.05419322
MS2RNA,ellipsoid,none,none,0,CaCl2,stock,10,8,-9.719852963,-36.47499271,25,-8.216442879,0.079265202
MS2RNA,ellipsoid,none,none,0,CaCl2,stock,10,8,-8.901565472,-30.93423333,25,-8.366957877,0.169573427
BL21RNA,ellipsoid,none,none,0,NaCl,stock,10,6,-21.87734668,-44.66231667,25,-8.366945254,0.064000083
BL21RNA,ellipsoid,none,none,0,NaCl,stock,10,6,-21.07634543,-41.87529444,25,-8.517460252,0.072650689
BL21RNA,ellipsoid,none,none,0,NaCl,stock,10,6,-20.77596996,-32.85377857,25,-8.716430257,0.117272743
BL21RNA,ellipsoid,none,none,0,NaCl,stock,10,6,-18.42302879,-30.11269,25,-8.866945254,0.260545721
BL21RNA,ellipsoid,none,none,0,NaCl,stock,10,6,-12.66583229,-17.10763333,25,-9.017460252,0.435376574
BL21RNA,ellipsoid,none,none,0,NaCl,stock,10,8,-29.1864831,-44.66231667,25,-8.366945254,0.040905057
BL21RNA,ellipsoid,none,none,0,NaCl,stock,10,8,-26.93366708,-41.87529444,25,-8.517460252,0.042804567
BL21RNA,ellipsoid,none,none,0,NaCl,stock,10,8,-25.38172716,-32.85377857,25,-8.716430257,0.063264697
BL21RNA,ellipsoid,none,none,0,NaCl,stock,10,8,-20.47559449,-30.11269,25,-8.866945254,0.141513996
BL21RNA,ellipsoid,none,none,0,NaCl,stock,10,8,-15.11889862,-17.10763333,25,-9.017460252,0.182742693
BL21RNA,ellipsoid,none,none,0,CaCl2,stock,10,6,-8.808030113,-38.03171667,25,-7.866957877,0.16873395
BL21RNA,ellipsoid,none,none,0,CaCl2,stock,10,6,-7.026348808,-38.03171667,25,-8.017472874,0.371813004
BL21RNA,ellipsoid,none,none,0,CaCl2,stock,10,6,-5.721455458,-36.47499271,25,-8.216442879,0.480404889
BL21RNA,ellipsoid,none,none,0,CaCl2,stock,10,6,-4.391468005,-30.93423333,25,-8.366957877,0.752233024
BL21RNA,ellipsoid,none,none,0,CaCl2,stock,10,8,-10.71518193,-38.03171667,25,-7.866957877,0.090838287
BL21RNA,ellipsoid,none,none,0,CaCl2,stock,10,8,-9.761606023,-38.03171667,25,-8.017472874,0.154920251
BL21RNA,ellipsoid,none,none,0,CaCl2,stock,10,8,-8.582183187,-36.47499271,25,-8.216442879,0.249584683
BL21RNA,ellipsoid,none,none,0,CaCl2,stock,10,8,-7.578419072,-30.93423333,25,-8.366957877,0.441075706
MWNT,tube,none,none,0,NaCl,directSonic,6.07,6.9,-37.22410164,-41.87529444,25,-8.517460252,0.146179172
MWNT,tube,none,none,0,NaCl,directSonic,6.07,6.9,-29.47320329,-34.76904048,25,-8.66797525,0.455004055
MWNT,tube,none,none,0,NaCl,directSonic,6.07,6.9,-24.78968172,-30.93851667,25,-8.75602088,0.721132829
MWNT,tube,none,none,0,NaCl,directSonic,6.07,6.9,-17.00580082,-30.52560333,25,-8.818490248,0.693779358
MWNT,tube,none,none,0,NaCl,directSonic,6.07,6.9,-17.00580082,-30.11269,25,-8.866945254,1.150982452
MWNT,tube,none,none,0,NaCl,directSonic,6.07,6.9,-17.00580082,-28.48416667,25,-8.906535877,1.163185166
MWNT,tube,none,none,0,NaCl,directSonic,6.07,6.9,-17.00580082,-22.7959,25,-8.969005246,0.919091561
MWNT,tube,SRHA,none,0,NaCl,directSonic,6.07,6.9,-37.22410164,-26.04837778,25,-8.517460252,0.225253608
MWNT,tube,SRHA,none,0,NaCl,directSonic,6.07,6.9,-29.47320329,-22.26599048,25,-8.66797525,0.354501699
MWNT,tube,SRHA,none,0,NaCl,directSonic,6.07,6.9,-24.78968172,-22.99721667,25,-8.75602088,0.731344732
MWNT,tube,SRHA,none,0,NaCl,directSonic,6.07,6.9,-17.00580082,-21.851425,25,-8.818490248,0.884229267
MWNT,tube,SRHA,none,0,NaCl,directSonic,6.07,6.9,-17.00580082,-20.70563333,25,-8.866945254,1.035779176
MWNT,tube,SRHA,none,0,NaCl,directSonic,6.07,6.9,-17.00580082,-19.89037222,25,-8.906535877,0.744313207
MWNT,tube,SRHA,none,0,NaCl,directSonic,6.07,6.9,-17.00580082,-18.92091111,25,-8.969005246,0.792933271
PS,sphere,none,none,0,NaCl,stock,50,6,-41.9011515,-30.75947333,25,-8.875461924,0.154592774
PS,sphere,none,none,0,NaCl,stock,50,6,-37.92913083,-21.94266,25,-8.976999298,0.401424249
PS,sphere,none,none,0,NaCl,stock,50,6,-35.60082863,-17.10763333,25,-9.023878865,0.354445567
PS,sphere,none,none,0,NaCl,stock,50,6,-33.86543613,-17.10763333,25,-9.062412808,0.39201943
PS,sphere,none,none,0,NaCl,stock,50,6,-30.39465113,-17.10763333,25,-9.123554054,0.552840362
PS,sphere,none,none,0,NaCl,stock,50,6,-27.184175,-17.10763333,25,-9.171208271,0.807859632
PS,sphere,none,none,0,NaCl,stock,50,6,-27.184175,-17.10763333,25,-9.209367935,0.953691648
PS,sphere,none,none,0,NaCl,stock,50,6,-27.184175,-17.10763333,25,-9.258181566,1.587713731
PS,sphere,none,none,0,NaCl,stock,50,6,-27.184175,-17.10763333,25,-9.320112775,1.152858648
PS,sphere,SRHA,none,0,NaCl,stock,50,6,-47.25105625,-22.48535833,25,-8.69832417,0.15007874
PS,sphere,SRHA,none,0,NaCl,stock,50,6,-41.9011515,-20.476475,25,-8.875461924,0.286342266
PS,sphere,SRHA,none,0,NaCl,stock,50,6,-37.92913083,-18.77549194,25,-8.976999298,0.61508026
PS,sphere,SRHA,none,0,NaCl,stock,50,6,-35.60082863,-17.95145,25,-9.023878865,0.784270527
PS,sphere,SRHA,none,0,NaCl,stock,50,6,-33.86543613,-17.95145,25,-9.062412808,0.765896146
PS,sphere,SRHA,none,0,NaCl,stock,50,6,-30.39465113,-17.95145,25,-9.123554054,0.959360829
PS,sphere,SRHA,none,0,NaCl,stock,50,6,-27.184175,-17.95145,25,-9.171208271,1.132541315
PS,sphere,SRHA,none,0,NaCl,stock,50,6,-27.184175,-17.95145,25,-9.210263389,1.410237144
PS,sphere,SRHA,none,0,NaCl,stock,50,6,-27.184175,-17.95145,25,-9.258181566,1.514189325
PS,sphere,SRHA,none,0,NaCl,stock,50,6,-27.184175,-17.95145,25,-9.317357063,1.616196673
TiO2,sphere,none,none,0,CaCl2,directSonic,100,8,-32.14591101,-38.03171667,25,-7.25055661,0.000441388
TiO2,sphere,none,none,0,CaCl2,directSonic,100,8,-26.62600181,-38.03171667,25,-7.579248026,0.076510481
TiO2,sphere,none,none,0,CaCl2,directSonic,100,8,-22.48757762,-38.03171667,25,-7.685621261,0.381412875
TiO2,sphere,none,none,0,CaCl2,directSonic,100,8,-18.11976747,-38.03171667,25,-7.742591882,0.582542608
TiO2,sphere,none,none,0,CaCl2,directSonic,100,8,-6.244251889,-38.727844,25,-8.076049525,0.768838451
TiO2,sphere,none,none,0,CaCl2,directSonic,100,8,-6.244251889,-35.41245833,25,-8.22630167,0.957133498
TiO2,sphere,none,none,0,CaCl2,directSonic,100,8,-6.244251889,-30.93423333,25,-8.730522023,0.889733704
TiO2,sphere,none,SRHA,10,CaCl2,directSonic,100,8,-24.84594525,-35.41245833,25,-8.225793128,0.001483363
TiO2,sphere,none,SRHA,10,CaCl2,directSonic,100,8,-24.84594525,-30.93423333,25,-8.313592698,0.009618042
TiO2,sphere,none,SRHA,10,CaCl2,directSonic,100,8,-24.842176,-30.93423333,25,-8.417594274,0.315458997
TiO2,sphere,none,SRHA,10,CaCl2,directSonic,100,8,-23.61307651,-30.93423333,25,-8.565691126,1.060156496
TiO2,sphere,none,SRHA,10,CaCl2,directSonic,100,8,-22.84339508,-30.93423333,25,-8.711540797,0.971214171
TiO2,sphere,none,SRHA,10,CaCl2,directSonic,100,8,-22.84339508,-30.93423333,25,-9.056362461,1.174268583
TiO2,sphere,none,SRHA,10,CaCl2,directSonic,100,8,-22.84339508,-30.93423333,25,-9.204537488,1.123931796
TiO2,sphere,none,none,0,NaCl,directSonic,100,8,-24.98831532,-42.24689741,25,-8.468220903,0.030489041
TiO2,sphere,none,none,0,NaCl,directSonic,100,8,-25.06441595,-39.92437889,25,-8.516187368,0.122090188
TiO2,sphere,none,none,0,NaCl,directSonic,100,8,-25.06441595,-37.97346333,25,-8.548672162,0.902822839
TiO2,sphere,none,none,0,NaCl,directSonic,100,8,-24.94419675,-33.19852571,25,-8.661293234,0.971214171
TiO2,sphere,none,none,0,NaCl,directSonic,100,8,-17.32143973,-30.20766007,25,-8.807323564,1.123931796
TiO2,sphere,none,none,0,NaCl,directSonic,100,8,-17.32143973,-18.72878933,25,-8.953122355,1.075752771
TiO2,sphere,none,SRHA,10,NaCl,directSonic,100,8,-46.37685574,-18.55814133,25,-8.952323773,0.062362857
TiO2,sphere,none,SRHA,10,NaCl,directSonic,100,8,-46.37685574,-17.10763333,25,-9.002929096,0.33935589
TiO2,sphere,none,SRHA,10,NaCl,directSonic,100,8,-33.46369068,-17.10763333,25,-9.041579744,0.684061483
TiO2,sphere,none,SRHA,10,NaCl,directSonic,100,8,-33.46369068,-17.10763333,25,-9.098941587,0.957133498
TiO2,sphere,none,SRHA,10,NaCl,directSonic,100,8,-28.72062944,-17.10763333,25,-9.188632789,0.916104532
TiO2,sphere,none,SRHA,10,NaCl,directSonic,100,8,-28.72062944,-17.10763333,25,-9.24529256,0.864121982
MWNTLO,tube,none,none,0,NaCl,directSonic,5,7.1,-21.36973375,-28.48416667,25,-8.840150126,0.135935639
MWNTLO,tube,none,none,0,NaCl,directSonic,5,7.1,-21.36973375,-22.7959,25,-8.900586266,0.256757897
MWNTLO,tube,none,none,0,NaCl,directSonic,5,7.1,-21.36973375,-17.10763333,25,-8.947026905,0.403970086
MWNTLO,tube,none,none,0,NaCl,directSonic,5,7.1,-21.36973375,-17.10763333,25,-8.984621675,0.43460552
MWNTLO,tube,none,none,0,NaCl,directSonic,5,7.1,-21.36973375,-17.10763333,25,-9.031099007,1.115883993
MWNTLO,tube,none,none,0,NaCl,directSonic,5,7.1,-21.36973375,-17.10763333,25,-9.091608549,0.985486759
MWNTLO,tube,none,none,0,NaCl,directSonic,5,7.1,-21.36973375,-17.10763333,25,-9.177711882,0.902725178
MWNTHO,tube,none,none,0,NaCl,directSonic,5,7.1,-19.73004677,-17.10763333,25,-8.937226178,0.059948425
MWNTHO,tube,none,none,0,NaCl,directSonic,5,7.1,-19.73004677,-17.10763333,25,-8.992289694,0.109167971
MWNTHO,tube,none,none,0,NaCl,directSonic,5,7.1,-19.73004677,-17.10763333,25,-9.083941477,0.303766364
MWNTHO,tube,none,none,0,NaCl,directSonic,5,7.1,-19.73004677,-17.10763333,25,-9.13052128,0.395207699
MWNTHO,tube,none,none,0,NaCl,directSonic,5,7.1,-19.73004677,-17.10763333,25,-9.168252755,0.92950979
MWNTHO,tube,none,none,0,NaCl,directSonic,5,7.1,-19.73004677,-17.10763333,25,-9.228878757,1.12407076
MWNTHO,tube,none,none,0,NaCl,directSonic,5,7.1,-19.73004677,-17.10763333,25,-9.315096537,0.936329209
MWNTLO,tube,none,none,0,CaCl2,directSonic,5,7.1,-17.88237972,-38.60006146,25,-8.051857194,0.134464897
MWNTLO,tube,none,none,0,CaCl2,directSonic,5,7.1,-15.96695283,-35.86783021,25,-8.138105237,0.241658514
MWNTLO,tube,none,none,0,CaCl2,directSonic,5,7.1,-15.32847721,-34.51681333,25,-8.159201154,0.269430151
MWNTLO,tube,none,none,0,CaCl2,directSonic,5,7.1,-13.41088085,-30.93423333,25,-8.307947842,0.526968647
MWNTLO,tube,none,none,0,CaCl2,directSonic,5,7.1,-11.47655544,-30.93423333,25,-8.427712841,0.739207567
MWNTLO,tube,none,none,0,CaCl2,directSonic,5,7.1,-11.42636832,-30.93423333,25,-8.50342385,0.941354669
MWNTLO,tube,none,none,0,CaCl2,directSonic,5,7.1,-9.475820094,-30.93423333,25,-8.652212708,0.976115732
MWNTHO,tube,none,none,0,CaCl2,directSonic,5,7.1,-17.1607651,-38.44120333,25,-7.951530177,0.040148982
MWNTHO,tube,none,none,0,CaCl2,directSonic,5,7.1,-17.88237972,-38.60006146,25,-8.03787668,0.215443469
MWNTHO,tube,none,none,0,CaCl2,directSonic,5,7.1,-16.92217139,-35.86783021,25,-8.124236375,0.311485848
MWNTHO,tube,none,none,0,CaCl2,directSonic,5,7.1,-16.60210194,-34.51681333,25,-8.145442175,0.663013406
MWNTHO,tube,none,none,0,CaCl2,directSonic,5,7.1,-15.21114492,-30.93423333,25,-8.231827649,0.844324101
MWNTHO,tube,none,none,0,CaCl2,directSonic,5,7.1,-11.03827388,-30.93423333,25,-8.380695088,0.913334623
MWNTHO,tube,none,none,0,CaCl2,directSonic,5,7.1,-9.620596197,-30.93423333,25,-8.48998431,0.875502152